Column,Column2,RESOLUCIÓN,year,MOTIVO,SANCION
ASOCIACIÓN DE ANGELES URBANOS,"ANGELES URBANOS HORTALEZA, CO ",2723/2016,2016,29.c,42003
ASOCIACIÓN DE ANGELES URBANOS,"ANGELES URBANOS HORTALEZA, CO ",2723/2016,2016,28.c,
ASOCIACIÓN DE ANGELES URBANOS,"ANGELES URBANOS HORTALEZA, CO ",2723/2016,2016,28.i,
ASOCIACIÓN BETEL,CENTRO NO INSCRITO,36/2016,2016,29.b,30001
ATIPADACE,"ATIPADACE, CD",752/2016,2016,29.b,30001
CASA COMUNIDAD CONGREGACIÓN PEQUEÑA OBRA DE LA DIVINA PROVIDENCIA,HOGAR DON ORIONE,3886/2014,2014,29.b,30001
"COMMON GROUND SALUD, S.L.","NEUROVIDA, CD",1108/2016 ,2016,29.b,30001
"GESTORA DE RESIDENCIAS SAN FERNANDO, S.L.","SAN FERNANDO, RPM",129/2015,2015,29.a,55005
"GESTORA DE RESIDENCIAS SAN FERNANDO, S.L.","SAN FERNANDO, RPM",129/2015,2015,28.a,
"GESTORA DE RESIDENCIAS SAN FERNANDO, S.L.","SAN FERNANDO, RPM",129/2015,2015,28.b,
"GESTORA DE RESIDENCIAS SAN FERNANDO, S.L.","SAN FERNANDO, RPM",129/2015,2015,28.e,
"GESTORA DE RESIDENCIAS SAN FERNANDO, S.L.","SAN FERNANDO, RPM",129/2015,2015,28.f,
"GESTORA DE RESIDENCIAS SAN FERNANDO, S.L.","SAN FERNANDO, RPM",129/2015,2015,27,
INSTITUCIÓN TERESIANA ASOCIACIÓN DE FIELES,CENTRO NO INSCRITO,84/2016,2016,29.b,30001
"REMEDIPE, S.L.","LAS MERCEDES, RPM",1318/2018 ,2018,29.a,120004
"REMEDIPE, S.L.","LAS MERCEDES, RPM",1318/2018 ,2018,29.g,inhabilitación directora + prohibición  10 años revocación autorización
"REMEDIPE, S.L.","LAS MERCEDES, RPM",1266/2017,2017,29.a,132006
"REMEDIPE, S.L.","LAS MERCEDES, RPM",1266/2017,2017,29.g,
"REMEDIPE, S.L.","LAS MERCEDES, RPM",1266/2017,2017,28.c,
"REMEDIPE, S.L.","LAS MERCEDES, RPM",1266/2017,2017,28.j,
"REMEDIPE, S.L.",LAS MERCEDES RPM,1382/2016 ,2016,29.g,31000
"RESIDENCIA TERCERA EDAD CASA RAFAELA EN LA SANTINA, S.L.",CENTRO NO INSCRITO,111/2016 ,2016,29.b,40000
"RESIDENCIA DE LA TERCERA EDAD SIERRA SALUD, S.L.","SIERRA DE KANAIMA, RPM",657/2018,2018,29.a,60002
"RESIDENCIA DE LA TERCERA EDAD SIERRA SALUD, S.L.","SIERRA DE KANAIMA, RPM ",658/2018,2018,29.c,109010
"RESIDENCIA DE LA TERCERA EDAD SIERRA SALUD, S.L.","SIERRA DE KANAIMA, RPM ",658/2018,2018,29.g,
"RESIDENCIA DE LA TERCERA EDAD SIERRA SALUD, S.L.","SIERRA DE KANAIMA, RPM ",658/2018,2018,28.l,
"RESIDENCIA DE LA TERCERA EDAD SIERRA SALUD, S.L.","SIERRA DE KANAIMA, RPM ",658/2018,2018,28.k,
"RESIDENCIA DE LA TERCERA EDAD SIERRA SALUD, S.L.","SIERRA DE KANAIMA, RPM ",658/2018,2018,28.j,
"RESIDENCIA DE LA TERCERA EDAD SIERRA SALUD, S.L.","SIERRA DE KANAIMA, RPM ",658/2018,2018,28.i,
"RESIDENCIA DE LA TERCERA EDAD SIERRA SALUD, S.L.","SIERRA DE KANAIMA, RPM ",658/2018,2018,28.f,
"RESIDENCIA DE LA TERCERA EDAD SIERRA SALUD, S.L.","SIERRA DE KANAIMA, RPM ",658/2018,2018,28.e,
"RESIDENCIA DE LA TERCERA EDAD SIERRA SALUD, S.L.","SIERRA DE KANAIMA, RPM ",658/2018,2018,28.d,
"RESIDENCIA DE LA TERCERA EDAD SIERRA SALUD, S.L.","SIERRA DE KANAIMA, RPM ",658/2018,2018,27,
"RESIDENCIA GERIATRICA LA ERMITA, S.L.","EL JARDÍN DE ARAVACA, RPM",3247/2015,2015,29.g,36001
"RESIDENCIA GERIATRICA LA ERMITA, S.L.","EL JARDÍN DE ARAVACA, RPM",3247/2015,2015,28.c,
"RESIDENCIA SANTA GEMA, S.A.","SANTA GEMA, RPM",4148/2016,2016,29.c,40001
"RESIDENCIA SANTA GEMA, S.A.","SANTA GEMA, RPM",4148/2016,2016,28.e,
"ROMAYUR, S.L.",CENTRO NO REGISTRADO,601/2017,2017,29.b,30001
SOCIEDAD COOPERATIVA MADRILEÑA EQUIPO TANDEM,"TANDEM, CENTRO DE ATENCIÓN INTEGRAL A LA INFANCIA",930/2017 ,2017,29.b,30001
"SPD ASISTENCIAL 2010, S.L.","BUEN CAMINO II, RPM",1185/2016 ,2016,29.b,50001
"SPD ASISTENCIAL 2010, S.L.","BUEN CAMINO II, RPM",1185/2016 ,2016,28.h,
"TOSANDE, SOCIEDAD COOPERATIVA MADRILEÑA","LOS BALCONES, RESIDENCIA DE TERCERA EDAD",1136/2014,2014,29.c,40000
"A&A MORALA TORRADO, S.L.",CD GRIÑON,3752/2015,2015,28.d,6001
"AC SOLIDARIOS, S.L.","AC SOLIDARIOS, RPM",2138/2015,2015,28.e,13000
"ADMINISTRACIÓN DE GERIATRICOS, S.L.","HOGAR CARABAÑA, RPM",2453/2017,2017,28.c,8000
AFAP,"AFAP PEDREZUELA, CRL",3426/2018,2018,28.k,12002
AFAP,"AFAP PEDREZUELA, CRL",3426/2018,2018,28.j,
AFAP,AFAP PEDREZUELA RPM,2901/2018,2018,28.j,3600.6
"ALAMARCA SANVITAL, S.L.","RESIDENCIAL SAN VITAL, RPM",3307/2018,2018,28.d,3600.6
"ALBA II RESIDENCIA GERIATRICA, S.L.","ALBA II, RESIDENCIA GERIATRICA",1456/2018.,2018,28.c,3600.6
"ALONSO QUIJANO, S.L.","SANTA MATILDE, RPM",1669/2018,2018,28.d,14402.4
"ALONSO QUIJANO, S.L.","SANTA MATILDE, RPM",1669/2018,2018,28.e,
"ALONSO QUIJANO, S.L.","SANTA MATILDE, RPM",1669/2018,2018,28.c,
"ALONSO QUIJANO, S.L.","SANTA MATILDE, RPM",1669/2018,2018,28.j,
"AMMA RECURSOS ASISTENCIALES, S.A.","AMMA HUMANES, RPM",2154/2017,2017,28.d,18003
"AMMA RECURSOS ASISTENCIALES, S.A.","AMMA HUMANES, RPM",2154/2017,2017,28.e,
"AMMA RECURSOS ASISTENCIALES, S.A.","AMMA HUMANES, RPM",2154/2017,2017,28.c,
"AMMA RECURSOS ASISTENCIALES, S.A.","AMMA USERA, RPM",932/2017,2017,28.d,6001
"AMMA RECURSOS ASISTENCIALES, S.A.","AMMA VILLANUEVA, RPM",4447/2017,2017,28.d,6001
"ANCIANOS, SERVICIOS SANITARIOS, S.A.",CENTRO RESIDENCIAL MIXTO PARA LA TERCERA EDAD VIRGEN DE REGLA,2629/2018,2018,28.d,6001
"APOLA, S.L.","ABEDUL II, RPM",3623/2014,2014,28.j,6001
"ARALIA SERVICIOS SOCIOSANITARIOS, S.A.","PEÑUELAS, RPM",438/2016,2016,28.d,10000
"ARIAS MONTANO SN, S.L.","EL ESCORIAL, RPM",4061-bis/2016,2016,28.d,6001
"ARTE VIDA CENTROS RESIDENCIALES, S.A.","ORPEA ALCOBENDAS, RPM",536/2016,2016,28.d,6001
"ARTE VIDA CENTROS RESIDENCIALES, S.A.","ORPEA LAS ROZAS, RPM",2574/2015,2015,28.e,20000
"ARTE VIDA CENTROS RESIDENCIALES, S.A.","ORPEA LAS ROZAS, RPM",1310/2017,2017,28.d,12000
"ASERMUT, SOCIEDAD COOPERATIVA","FUENTES DE PEDREZUELA, RPM",2934/2018,2018,28.d,12002
"ASERMUT, SOCIEDAD COOPERATIVA","FUENTES DE PEDREZUELA, RPM",2934/2018,2018,28.e,
ASISPA,"SOTO FRESNOS, CENTRO RESIDENCIAL",2351/2018,2018,28.d,4800.8
ASOCIACIÓN DE ANGELES URBANOS,"ANGELES URBANOS HORTALEZA, CO",4221/2014 ,2014,28.j,18000
ASOCIACIÓN DE PADRES DE PERSONAS CON AUTISMO,RESIDENCIA PARA ADULTOS MARIA ISABEL BAYONAS-RAMIB,933/2017,2017,28.k,3600.6
"ASOCIACIÓN EDAD DE ORO, MENSAJEROS POR LA PAZ","DOLORES SORIA, RPM",58/2016,2016,28.j,14000
"ASOCIACIÓN EDAD DORADA, MENSAJEROS DE LA PAZ MADRID","CAMPO REAL, RPM",2355/2018,2018,28.c,7201.2
"ASOCIACIÓN LA VEGUILLA, CENTRO RESIDENCIAL","LA VEGUILLA, CENTRO RESIDENCIAL",458/2016,2016,28.d,12002
"ATENCIÓN ESPECIALIZADA, 3E, S.L.","ALAMEDA DE COIMBRA, RPM",3657/2015,2015,28.e,9000
"ATENCIÓN SOCIAL Y RESIDENCIAL VALDEMORO, S.L.",RESIDENCIA MUNICIPAL NUESTRA SEÑORA DEL ROSARIO,126/2014,2014,28.c,12002
"ATENCIÓN SOCIAL Y RESIDENCIAL VALDEMORO, S.L.",RESIDENCIA MUNICIPAL NUESTRA SEÑORA DEL ROSARIO,126/2014,2014,28.d,
"ATENEA RESIDENCIAL, S.L.","ATENEA MIRASIERRA, RPM",3885/2014,2014,28.d,6001
AYUNTAMIENTO DE MADRID,"CENTRO DE BAJA EXIGENCIA PUERTA ABIERTA GRUPO 5, SIO",214/2015,2015,29.b,30001
"CABAÑIL 95, S.L.","LAS ROSAS, RPM",1205/2018,2018,28.d,3600.6
"CASER RESIDENCIAL, S.A.","CASER RESIDENCIAL SANTA HORTENSIA, RPM",3612/2014.,2014,28.e,6001
"CASER RESIDENCIAL, S.A.","CASER RESIDENCIAL SANTA HORTENSIA, RPM",2897/2016,2016,28.d,6001
"CENTRO DE ATENCIÓN INTEGRAL DE MAYORES  LOS OLIVOS, S.L. ","LOS OLIVOS II, RPM",57/2016,2016,28.c,35000
"CENTRO DE ATENCIÓN INTEGRAL DE MAYORES  LOS OLIVOS, S.L.","LOS OLIVOS I, RPM",2802/2018,2018,28.c,18000.6
"CENTRO DE ATENCIÓN INTEGRAL DE MAYORES  LOS OLIVOS, S.L.","LOS OLIVOS I, RPM",2802/2018,2018,28.d,
"CENTRO DE ATENCIÓN INTEGRAL DE MAYORES  LOS OLIVOS, S.L.","LOS OLIVOS I, RPM",2802/2018,2018,28.e,
"CENTRO DE ATENCIÓN INTEGRAL DE MAYORES  LOS OLIVOS, S.L.","LOS OLIVOS I, RPM",31/2016,2016,28.h,14001
"CENTRO DE ATENCIÓN INTEGRAL DE MAYORES  LOS OLIVOS, S.L.","LOS OLIVOS I, RPM",31/2016,2016,28.d,
"CENTRO DE ATENCIÓN INTEGRAL DE MAYORES  LOS OLIVOS, S.L.","LOS OLIVOS I, RPM",1171/2016 ,2016,28.c,6001
"CENTRO DE MAYORES RIVAS, S.L.",RPM CASABLANCA RIVAS,848/2017,2017,28.b,3600.6
"CENTRO DE MAYORES VALDEMORO, S.A.","CASABLANCA VALDEMORO, RPM",2564/2015,2015,28.d,13002
"CENTRO DE MAYORES VALDEMORO, S.A.","CASABLANCA VALDEMORO, RPM",2564/2015,2015,28.e,
"CENTRO DE MAYORES VALDEMORO, S.A.","CASABLANCA VALDEMORO, RPM",2564/2015,2015,27,
"CENTRO RESIDENCIAL LOS VILLARES, S.L.","LOS VILLARES, CENTRO RESIDENCIAL",612/2014,2014,28.c,12002
"CENTRO RESIDENCIAL LOS VILLARES, S.L.","LOS VILLARES, CENTRO RESIDENCIAL",612/2014,2014,28.d,
"CENTRO SOCIAL MALVARROSA, S.L.",RESIDENCIA GERIATRICA MALVARROSA,3492/2018,2018,28.d,25004
"CENTRO SOCIAL MALVARROSA, S.L.",RESIDENCIA GERIATRICA MALVARROSA,3492/2018,2018,28.g,
"CENTRO SOCIAL MALVARROSA, S.L.",RESIDENCIA GERIATRICA MALVARROSA,3492/2018,2018,28.i,
"CENTRO SOCIAL MALVARROSA, S.L.",RESIDENCIA GERIATRICA MALVARROSA,3492/2018,2018,28.k,
"CENTRO SOCIAL MALVARROSA, S.L.",RESIDENCIA GERIATRICA MALVARROSA,3492/2018,2018,27,
"CENTROS ASISTENCIALES DE TOLEDO, S.L.","CENTRO GERIATRICO HORTALEZA, RPM",878/2017,2017,28.d,7200
"CENTROS ASISTENCIALES DE TOLEDO, S.L.","CENTRO GERIATRICO HORTALEZA, RPM",4333/2014,2014,28.d,12000
"CENTROS ASISTENCIALES DE TOLEDO, S.L.","CENTRO GERIATRICO HORTALEZA, RPM",3058/2017,2017,28.b,7201.2
"CENTROS ASISTENCIALES DE TOLEDO, S.L.","CENTRO GERIATRICO HORTALEZA, RPM",3058/2017,2017,28.d,
CLECE SERVICIOS SOCIALES S.A.,"PABLO NERUDA, RPM",1004/2017,2017,28.c,12002
CLECE SERVICIOS SOCIALES S.A.,"PABLO NERUDA, RPM",1004/2017,2017,28.e,
CLECE SERVICIOS SOCIALES S.A.,"PABLO NERUDA, RPM",1206/2018,2018,28.d,4800.8
CLECE SERVICIOS SOCIALES S.A.,"GETAFE ALZHEIMER, RPM",May 15,2015,28.c,18003
CLECE SERVICIOS SOCIALES S.A.,"GETAFE ALZHEIMER, RPM",May 15,2015,28.d,
CLECE SERVICIOS SOCIALES S.A.,"GETAFE ALZHEIMER, RPM",May 15,2015,28.e,
"CLINICA GERIATRICA LOS ANGELES, S.L.","LOS ÁNGELES, RPM",Jun 15,2015,28.e,6001
"CLÍNICA MADRID, S.A.","MASAM, RPM",2354/2018,2018,28.d,6001
CRUZ ROJA ESPAÑOLA,CENTRO DE ACOGIDA EL PARQUE,1549/2015,2015,28.j,8000
MONTSERRAT TOLEDO CARBALLAR,CENTRO NO INSCRITO,967/2017,2017,28.k,4800.8
"ECOPLAR SERRANILLOS, S.A.","ECOPLAR SERRANILLOS, RPM",2806/2015 ,2015,28.e,6001
FELISA MAÑON FERNANDEZ,"MAÑON, RPM",180/2016,2016,28.e,9001
FELISA MAÑON FERNANDEZ,"MAÑON, RPM",180/2016,2016,27,
FUNDACIÓN BASILICA DE COLMENAR VIEJO,"NUESTRA SEÑORA DEL CARMEN Y DE LA SOLEDAD, RPM",2353/2018,2018,28.d,3600.6
FUNDACION DE LA MERCED MIGRACIONES,"FRANCISCO SANTOS, VIVIENDA COMUNITARIA",1257/2018,2018,28.k,3600.6
FUNDACIÓN HERMANDAD DE NUESTRA SEÑORA DE LA SOLEDAD,"NUESTRA SEÑORA DE SOLEDAD, RPM",2408/2017,2017,28.b,6001
FUNDACIÓN HERMANDAD DE NUESTRA SEÑORA DE LA SOLEDAD,"NUESTRA SEÑORA DE SOLEDAD, CD",2137/2015,2015,28.d,6001
FUNDACION SAGRADA FAMILIA Y SANTA ISABEL,"SAGRADA FAMILIA NUEVA ZELANDA, RPM",2115/2018,2018,28.d,3600.6
"GERIATRICA SIRIGO, S.L.","ITACA, RPM",1006/2016 ,2016,28.d,6001
"GERIATRICOS DEL PRINCIPADO, S.A.","MAGAN, RPM",1941/2018,2018,28.d,6001
"GERIATRICOS DEL PRINCIPADO, S.A","LOS MADROÑOS, RPM",2408/2017,2017,28.d,3600.6
"GEROCASTILLO, S.L.","EL CASTILLO, RPM",357/2018,2018,28.d,3600.6
GEROINNOVA MIRAMADRID S.L.,"GEROINNOVA MIRAMADRID, RPM",4428/2016,2016,28.c,24004
GEROINNOVA MIRAMADRID S.L.,"GEROINNOVA MIRAMADRID, RPM",4428/2016,2016,28.d,
GEROINNOVA MIRAMADRID S.L.,"GEROINNOVA MIRAMADRID, RPM",4428/2016,2016,28.j,
GEROINNOVA MIRAMADRID S.L.,"GEROINNOVA MIRAMADRID, RPM",4428/2016,2016,28.k,
"GEROINNOVA MIRAMADRID, S.L.","GEROINNOVA MIRAMADRID, RPM",4295/2014,2014,28.d,20003
"GEROINNOVA MIRAMADRID, S.L.","GEROINNOVA MIRAMADRID, RPM",4295/2014,2014,28.e,
"GEROINNOVA MIRAMADRID, S.L.","GEROINNOVA MIRAMADRID, RPM",4295/2014,2014,28.k,
"GEROINNOVA MIRAMADRID, S.L.","GEROINNOVA MIRAMADRID, RPM",4295/2014,2014,27,
"GERESAN SIGLO XXI, S.L.","SOLSALUD, RPM",459/2016,2016,28.c,12002
"GERESAN SIGLO XXI, S.L.","SOLSALUD, RPM",459/2016,2016,28.d,
"GESTIÓN Y AYUDA AL MAYOR, S.L.","CENTRO GERIATRICO DOS DE MAYO, RPM",2900/2018,2018,28.c,7201.2
"GESTIÓN Y AYUDA AL MAYOR, S.L.","CENTRO GERIATRICO DOS DE MAYO, RPM",2900/2018,2018,28.d,
HERMANITAS DE LOS POBRES PROVINCIA DE MADRID CURIA,"ASILO MI CASA, RPM",931/2017 ,2017,28.d,4800
"HESTIA ELDER HEALTHCARE, S.L.","HESTIA, RPM",4429/2016,2016,28.l,6001
"HESTIA ELDER HEALTHCARE, S.L","HESTIA, RPM",2935/2018,2018,29.g,42003
"HESTIA ELDER HEALTHCARE, S.L","HESTIA, RPM",2935/2018,2018,28.c,
"HESTIA ELDER HEALTHCARE, S.L","HESTIA, RPM",2935/2018,2018,28.d,
"HONTANAR DEL JARAMA, S.L.","HONTANAR DEL JARAMA, RESIDENCIA DE TERCERA EDAD",1722/2014,2014,28.c,6001
ASOCIACIÓN JESUS CAMINANTE,"JESUS CAMINANTE, H.R.",3548/2018,2018,28.k,18003
ASOCIACIÓN JESUS CAMINANTE,"JESUS CAMINANTE, H.R.",3548/2018,2018,28.d,
ASOCIACIÓN JESUS CAMINANTE,"JESUS CAMINANTE, H.R.",3548/2018,2018,28.l,
"KOLKWITZIA, S.L.","FLOR DE RETAMA, RPM",879/2017,2017,28.i,6001
"KOLKWITZIA, S.L.","FLOR DE RETAMA, RPM",2518/2017,2017,28.d,3600.6
LA ATALAYA CD PARA LA ATENCIÓN DE PERSONAS MAYORES S.L.,"LA ATALAYA DE MÓSTOLES, C.D.",2518/2017,2017,28.d,6001
LILIA ROSA ANDRADE ARENAS,"ROSITA, RPM",685/2018,2018,28.k,6001
"LOS CORTIJOS, RPM","LOS CORTIJOS, RPM",1182/2016,2016,28.e,9000
ASOCIACIÓN MENSAJEROS DE LA PAZ,"PARQUE DE COIMBRA, RPM",1325/2018,2018,28.c,14402.4
ASOCIACIÓN MENSAJEROS DE LA PAZ,"PARQUE DE COIMBRA, RPM",1325/2018,2018,28.d,
ASOCIACIÓN MENSAJEROS DE LA PAZ,"PARQUE DE COIMBRA, RPM",1325/2018,2018,28.e,
ASOCIACIÓN MENSAJEROS DE LA PAZ,"PARQUE DE COIMBRA, RPM",1325/2018,2018,28.j,
MILAGROS DEL CARMEN MASÍAS NÚÑEZ,"AL ALBA, RPM",2572/2015,2015,28.c,56002
MILAGROS DEL CARMEN MASÍAS NÚÑEZ,"AL ALBA, RPM",2572/2015,2015,28.e,
MILAGROS DEL CARMEN MASÍAS NÚÑEZ,"AL ALBA, RPM",2572/2015,2015,28.f,
MILAGROS DEL CARMEN MASÍAS NÚÑEZ,"AL ALBA, RPM",2572/2015,2015,28.i,
MILAGROS DEL CARMEN MASÍAS NÚÑEZ,"AL ALBA, RPM",2572/2015,2015,28.j,
MILAGROS DEL CARMEN MASÍAS NÚÑEZ,"AL ALBA, RPM",2572/2015,2015,28.l,
NESTOR JOSE GALEANO CORREA,"ANA TERESA, RPM",521/2016,2016,28.c,13002
NESTOR JOSE GALEANO CORREA,"ANA TERESA, RPM",521/2016,2016,28.e,
NESTOR JOSE GALEANO CORREA,"ANA TERESA, RPM",521/2016,2016,27,
"PAIVAN SERVICIOS GERIATRICOS, S.L.","NUESTRA SEÑORA DEL ROSARIO, RPM",3159/2018L.,2018,28.c,14402.4
"PAIVAN SERVICIOS GERIATRICOS, S.L.","NUESTRA SEÑORA DEL ROSARIO, RPM",3159/2018L.,2018,28.d,
"PAIVAN SERVICIOS GERIATRICOS, S.L.","NUESTRA SEÑORA DEL ROSARIO, RPM",3159/2018L.,2018,28.e,
"PAIVAN SERVICIOS GERIATRICOS, S.L.","NUESTRA SEÑORA DEL ROSARIO, RPM",3159/2018L.,2018,28.k,
"PLANIGER, S.A.","AMAVIR VILLAVERDE, RPM",3611/2014,2014,28.e,10000
"PLANIGER, S.A","AMAVIR ALCALA, RPM",1670/2018,2018,28.b,12002
"PLANIGER, S.A","AMAVIR ALCALA, RPM",1670/2018,2018,28.d,
"PLANIGER, S.A","AMAVIR COSLADA, RPM",1737/2018,2018,28.d,6001
"PLANIGER, S.A","AMAVIR CIUDAD LINEAL, RPM",2803/2018,2018,28.c,3600.6
"QUAVITAE SERVICIOS ASISTENCIALES, S.A.U","RESIDENCIA MADRID SUR, RPM",2614/2015,2015,28.c,7001
"QUAVITAE SERVICIOS ASISTENCIALES, S.A.U","RESIDENCIA MADRID SUR, RPM",2614/2015,2015,27,
"QUAVITAE SERVICIOS ASISTENCIALES, S.A.U","MIRASIERRA, RPM",382/2015,2015,28.c,15001
"QUAVITAE SERVICIOS ASISTENCIALES, S.A.U","MIRASIERRA, RPM",382/2015,2015,28.d,
"QUAVITAE SERVICIOS ASISTENCIALES, S.A.U","MIRASIERRA, RPM",382/2015,2015,27,
"QUAVITAE SERVICIOS ASISTENCIALES, S.A.U","COSLADA, RESIDENCIA",1186/2016. ,2015,28.c,6001
"REMEDIPE, S.L.","LAS MERCEDES, RPM",2804/2015 ,2015,28.i,30001
"REMEDIPE, S.L.","LAS MERCEDES, RPM",2804/2015 ,2015,28.d,
"REMEDIPE, S.L.","LAS MERCEDES, RPM",2804/2015 ,2015,28.e,
"REMEDIPE, S.L.","LAS MERCEDES, RPM",2804/2015 ,2015,27,
"REMEDIPE, S.L.","LAS MERCEDES, RPM",817/2014,2014,28.c,40001
"REMEDIPE, S.L.","LAS MERCEDES, RPM",817/2014,2014,28.d,
"REMEDIPE, S.L.","LAS MERCEDES, RPM",817/2014,2014,28.e,
"REMEDIPE, S.L.","LAS MERCEDES, RPM",817/2014,2014,28.i,
"REMEDIPE, S.L.","LAS MERCEDES, RPM",817/2014,2014,27,
"RESIDENCIA TERCERA EDAD CASA RAFAELA EN LA SANTINA, S.L.","CASA RAFAELA EN LA SANTINA, RPM",1550/2015,2015,28.c,47002
"RESIDENCIA TERCERA EDAD CASA RAFAELA EN LA SANTINA, S.L.","CASA RAFAELA EN LA SANTINA, RPM",1550/2015,2015,28.d,
"RESIDENCIA TERCERA EDAD CASA RAFAELA EN LA SANTINA, S.L.","CASA RAFAELA EN LA SANTINA, RPM",1550/2015,2015,28.e,
"RESIDENCIA TERCERA EDAD CASA RAFAELA EN LA SANTINA, S.L.","CASA RAFAELA EN LA SANTINA, RPM",1550/2015,2015,28.k,
"RESIDENCIA BENJA, S.A.","BENJA, RPM",1178/2014 ,2014,28.d,6001
"RESIDENCIA DE ANCIANOS PALACIOS, S.L.","PALACIOS, RPM",2981/2017,2017,28.e,7200
"RESIDENCIA LA ASUNCIÓN, S.L.","VILLAMANTUA, RPM",3416/2014,2014,28.d,6001
"RESIDENCIA LA ASUNCIÓN, S.L.","REAL VILLA DE NAVALCARNERO, RPM",936/2017,2017,28.d,3600.6
"RESIDENCIA TERCERA EDAD LA MERCED LOS PEÑASCALES, S.L.","LOS PEÑASCALES, RPM",791/2017,2017,28.d,14400
"RESIDENCIA DE LA TERCERA EDAD SIERRA SALUD, S.L.","SIERRA DE KANAIMA, RPM",2610/2015,2015,28.c,38001
"RESIDENCIA DE LA TERCERA EDAD SIERRA SALUD, S.L.","SIERRA DE KANAIMA, RPM",2610/2015,2015,28.d,
"RESIDENCIA DE LA TERCERA EDAD SIERRA SALUD, S.L.","SIERRA DE KANAIMA, RPM",2610/2015,2015,28.e,
"RESIDENCIA DE LA TERCERA EDAD SIERRA SALUD, S.L.","SIERRA DE KANAIMA, RPM",2610/2015,2015,28.j,
"RESIDENCIA DE LA TERCERA EDAD SIERRA SALUD, S.L.","SIERRA KANAIMA, RPM",460/2016,2016,28.d,20001
"RESIDENCIA DE LA TERCERA EDAD SIERRA SALUD, S.L.","SIERRA KANAIMA, RPM",460/2016,2016,28.e,
"RESIDENCIA DE LA TERCERA EDAD SIERRA SALUD, S.L.","SIERRA KANAIMA, RPM",2116/2018,2018,28.g,6001
"RESIDENCIA DE LA TERCERA EDAD SIERRA SALUD, S.L.","SIERRA KANAIMA, RPM",383/2015,2015,28.c,20002
"RESIDENCIA DE LA TERCERA EDAD SIERRA SALUD, S.L.","SIERRA KANAIMA, RPM",383/2015,2015,28.d,
"RESIDENCIA DE LA TERCERA EDAD SIERRA SALUD, S.L.","SIERRA KANAIMA, RPM",383/2015,2015,28.e,
"RESIDENCIA GERIATRICA  PRIMERO DE MAYO, S.L.","PRIMERO DE MAYO, RPM",1187/2016,2016,28.c,20000
"RESIDENCIA GERIATRICA  PRIMERO DE MAYO, S.L.","PRIMERO DE MAYO, RPM",1187/2016,2016,28.i,
"RESIDENCIA CLAVIJO, S.L.","CLAVIJO, RPM",103/2018,2018,28.e,6001
"RESIDENCIA GERIATRICA CLAVIJO, S.L.","AAR-FIDES, RPM",2968/2015,2015,28.c,22001
"RESIDENCIA GERIATRICA CLAVIJO, S.L.","AAR-FIDES, RPM",2968/2015,2015,28.d,
"RESIDENCIA GERIATRICA CLAVIJO, S.L.","AAR-FIDES, RPM",2968/2015,2015,28.i,
"RESIDENCIA GUADARRAMA-EL ESCORIAL, S.L.","GUADARRAMA-ESCORIAL, RPM",257/2016 ,2016,28.c,18003
"RESIDENCIA GUADARRAMA-EL ESCORIAL, S.L.","GUADARRAMA-ESCORIAL, RPM",257/2016 ,2016,28.e,
"RESIDENCIA GUADARRAMA-EL ESCORIAL, S.L.","GUADARRAMA-ESCORIAL, RPM",257/2016 ,2016,28.d,
"RESIDENCIA LOS JARDINES DE NAVAS, S.L.","LOS JARDINES DE NAVAS, RPM",2704/2015,2015,28.e,11000
"RESIDENCIA LOS JASRDINES DE NAVAS, S.L.","LOS JARDINES DE NAVAS, RPM",4430/2016,2016,28.c,15002
"RESIDENCIA LOS JASRDINES DE NAVAS, S.L.","LOS JARDINES DE NAVAS, RPM",4430/2016,2016,28.e,
"RESIDENCIA LOS JASRDINES DE NAVAS, S.L.","LOS JARDINES DE NAVAS, RPM",4430/2016,2016,27,
"RESIDENCIA LOS JAZMINES, S.L.","LOS JAZMINES, RPM",2313/2014,2014,28.d,9001
"RESIDENCIA LOS JAZMINES, S.L.","LOS JAZMINES, RPM",2313/2014,2014,27,
"RESIDENCIA NAVAS DEL REY, S.L.","NAVAS DEL REY, RPM",4045/2015,2015,28.d,9001
"RESIDENCIA NAVAS DEL REY, S.L.","NAVAS DEL REY, RPM",4045/2015,2015,27,
"RESIDENCIA ROSALBA, S.L.","ROSALBA, RPM",2188/2015,2015,28.d,14002
"RESIDENCIA ROSALBA, S.L.","ROSALBA, RPM",2188/2015,2015,28.e,
"RESIDENCIA ROSALBA, S.L.","ROSALBA, RPM",2188/2015,2015,27,
"RESIDENCIA ROSALBA, S.L.","ROSALBA, RPM",3622/2014,2014,28.e,6001
"RESIDENCIA VIRGEN DEL CONSUELO, S.L.","VIRGEN DEL CONSUELO, RPM",1176/2014,2014,28.d,6001
"RESIDENCIAL BENJA, S.A.","BENJA, RPM",428/2015,2015,28.d,14001
"RESIDENCIAL BENJA, S.A.","BENJA, RPM",428/2015,2015,28.e,
"RESIDENCIAL BENJA, S.A.","BENJA, RPM",501/2016 ,2016,28.d,6001
"RESIDENCIAL SENIOR 2000, S.L.U.","ORPEA PINTO I, RPM",2924/2017,2017,28.d,6001
"RESIDENCIAL VERSALLES, S.L.","VERSALLES, RPM",1170/2016 ,2016,28.e,6001
"RESIDENCIAS SANTA MARIA DEL HENARES, S.A.","ALCALA GERIÁTRICO, RPM",2805/2015,2015,28.d,13001
"RESIDENCIAS SANTA MARIA DEL HENARES, S.A.","ALCALA GERIÁTRICO, RPM",2805/2015,2015,28.e,
"RIOSALUD, S.A.","RIOSALUD, RPM",2140/2015,2015,28.e,6001
"RIOSALUD, S.A.","RIOSALUD, RPM",2140/2015,2015,27,
"ROGASA RESIDENCIA, S.L.",LOS ANGELES GUADARRAMA,1649/2015,2015,28.e,10000
"ROGASA RESIDENCIA, S.L.",LOS ANGELES GUADARRAMA,1649/2015,2015,27,
"ROSALBA GESTIÓN, S.A.","URBANIZACIÓN DE MAYORES, RPM",2289/2017,2017,28.d,4800.8
"SANITAS MAYORES, S.L","SANITAS EL VISO, RPM",2353/2018,2018,28.d,4800.8
"SANITAS RESIDENCIAL, S.L.",SANITAS RESIDENCIAL LAS ROZAS,256/2016,2016,28.d,12002
"SANITAS RESIDENCIAL, S.L.",SANITAS RESIDENCIAL LAS ROZAS,256/2016,2016,28.e,
"SANTA BÁRBARA DE HORREO, S.L.",SANTA BARBARA DE HORREO,3707/2018,2018,28.d,9601.6
"SANTA BÁRBARA DE HORREO, S.L.",SANTA BARBARA DE HORREO,3707/2018,2018,28.e,
"SANYRES SUR, S.L.","SANYRES ARAVACA, RPM",1028/2017,2017,28.d,4800.8
"SANYRES SUR, S.L.","SANYRES SAN LORENZO DE EL ESCORIAL, RPM ",1918/2014,2014,28.d,6001
"SANYRES SUR, S.L.","SANYRES LORETO, OTRAS RESIDENCIAS, RPM ",2573/2015 ,2015,28.h,6001
"SANYRES SUR, S.L.","SANYRES COLLADO VILLAVA, RPM",4562/2016,2016,28.c,12002
"SANYRES SUR, S.L.","SANYRES COLLADO VILLAVA, RPM",4562/2016,2016,28.d,
"SERGESA BOADILLA, S.A.",CAD SERGESA BOADILLA,3428/2014,2014,28.e,6001
"SERVICIOS SANITARIOS Y SOCIALES GALDAMA, S.L.",RESIDENCIA CENTRO DE MAYORES DE FUENLABRADA GALDAMA,576/2014,2014,28.c,18001
"SERVICIOS SANITARIOS Y SOCIALES GALDAMA, S.L.",RESIDENCIA CENTRO DE MAYORES DE FUENLABRADA GALDAMA,576/2014,2014,28.d,
"SOCIAL CORE, S.L.","MUNICIPAL DE FUENLABRADA, RPM",2901/2018,2018,28.c,7201.2
"SOCIAL CORE, S.L.","MUNICIPAL DE FUENLABRADA, RPM",2901/2018,2018,28.d,
"VALDELUZ, S.A.","VALDELUZ IV, RPM",2350/2018,2018,28.d,12002
"VALDELUZ, S.A.","VALDELUZ IV, RPM",2350/2018,2018,28.e,
VISIBOLEO GESTION S.L.,"SAN LUIS GONZAGA MAJADAHONDA, RPM",1177/2014,2014,28.d,10000
AYUNTAMIENTO DEL FRESNO DE TOROTE,CLUB HOGAR DEL MAYOR SERRACINES,1027/2017,2017,27,500
LARA PALACIAN VIZCAINO,"ERASE UNA VEZ, CD",2446/2017,2017,27,600
ASOCIACIÓN DE MUJERES AMIGAS RUMANAS DE EUROPA,SERVICIO INTEGRAL DE  ATENCIÓN A MUJERES RUMANAS,2897/2018,2018,27,1000
"CENTRO DE MAYORES TEJERA, S.L.","LA TEJERA, RPM",849/2017 ,2017,27,800
AYNTAMIENTO DE NAVAS DEL REY,CENTRO MUNICIPAL DE MAYORES,1169/2016,2016,27,AMONESTACIÓN
"GERIATEL, S.A.","GERIATEL RIVAS, RPM",2139/2016,2016,27,2000
"RESIDENCIA DE ANCIANOS SAN JUAN DE DIOS, S.A.","SAN JUAN DE DIOS, RPM",535/2016,2016,27,3000
"RESIDENCIA PARA TERCERA EDAD EL JARDIN, S.L.","JARDIN, RPM",1917/2014,2014,27,1000
"GESTIÓN DE INMUEBLES TERCERA EDAD, S.L.U.","EDALIA TORREJÓN DE ARDOZ, RPM",4323/2014,2014,27,1000
ASOCIACIÓN JESÚS CAMINANTE,"JESUS CAMINANTE, HR",605/2016,2016,27,1500
JOSE RICARDO BASURTO SALAZAR,CENTRO NO REGISTRADO,4532/2016,2016,29.b,30001
JOSE RICARDO BASURTO SALAZAR,CENTRO NO REGISTRADO,153/2018,2018,29.b,60000
JOSE RICARDO BASURTO SALAZAR,CENTRO NO REGISTRADO,4062-bis/2016,2016,29.b,30001
SILVIA ALMONACID PAREDES,CENTRO NO REGISTRADO,2932/2016,2016,29.b,30001
SILVIA ALMONACID PAREDES,CENTRO NO REGISTRADO,152/2018,2018,29.b,60. 000 €
GEMA BRAVO MURILLO,CENTRO NO REGISTRADO,1265/2017,2017,29.b,30000
LILIA ROSA ANDRADE ARENAS,"ROSITA, RPM",3039/2015,2015,29.b,30001
ROSARIO MAYA AVIAS,"MARIA PILAR, RPM",2969/2015,2015,29.a,175000
ROSARIO MAYA AVIAS,"MARIA PILAR, RPM",2969/2015,2015,29.g,Inhabilitación de directora y prohibición
GLORIA EUGENIA GONZÁLEZ OSPINA,CENTRO NO REGISTRADO,2751/2015,2015,29.b,30001
JOSE MANUEL ADARBE SÁNCHEZ,CD QUINTANA,1535/2014,2014,29.b,30001
ROSARIO MAYA AVIAS,"MARIA PILAR, RPM",3620/2014,2014,28.d,25004
ROSARIO MAYA AVIAS,"MARIA PILAR, RPM",3620/2014,2014,28.e,
ROSARIO MAYA AVIAS,"MARIA PILAR, RPM",3620/2014,2014,28.l,
ROSARIO MAYA AVIAS,"MARIA PILAR, RPM",3620/2014,2014,28.i,
MILAGROS DEL CARMEN MASÍAS NÚÑEZ,"AL ALBA, RPM",4244/2014,2014,28.b,53003
MILAGROS DEL CARMEN MASÍAS NÚÑEZ,"AL ALBA, RPM",4244/2014,2014,28.c,
MILAGROS DEL CARMEN MASÍAS NÚÑEZ,"AL ALBA, RPM",4244/2014,2014,28.d,
MILAGROS DEL CARMEN MASÍAS NÚÑEZ,"AL ALBA, RPM",4244/2014,2014,28.f,
MILAGROS DEL CARMEN MASÍAS NÚÑEZ,"AL ALBA, RPM",4244/2014,2014,28.i,
MILAGROS DEL CARMEN MASÍAS NÚÑEZ,"AL ALBA, RPM",4244/2014,2014,28.k,
MILAGROS DEL CARMEN MASÍAS NÚÑEZ,"AL ALBA, RPM",4244/2014,2014,28.i,
